{
  "IcoMoonType": "selection",
  "icons": [
    {
      "icon": {
        "paths": [
          "M-2454.795-5049.863h13213.808c38.736 0 70.137 31.401 70.137 70.137v9258.082c0 38.736-31.401 70.137-70.137 70.137h-13213.808c-38.736 0-70.137-31.401-70.137-70.137v-9258.082c0-38.736 31.401-70.137 70.137-70.137z",
          "M-2510.904-4979.827c0-38.68 31.383-70.036 70.054-70.036h4250.384v9370.301h-4250.384c-38.69 0-70.054-31.416-70.054-70.036v-9230.228z",
          "M1419.575 972.566h-1296.132c-44.888 0-81.359-32.263-81.359-71.54v-796.756c0-39.277 36.471-71.54 81.359-71.54h1297.534c44.888 0 81.345 32.263 81.345 71.54v795.353c-1.389 40.679-37.86 72.942-82.748 72.942z",
          "M42.082 324.5h1458.849v-179.551h-1458.849z",
          "M377.336 480.203h-200.592c-12.625 0-22.444-9.819-22.444-22.444s9.819-22.444 22.444-22.444h200.592c12.625 0 22.444 9.819 22.444 22.444s-9.819 22.444-22.444 22.444z",
          "M667.706 480.203h-201.995c-12.625 0-22.444-9.819-22.444-22.444s9.819-22.444 22.444-22.444h200.592c12.625 0 22.444 9.819 22.444 22.444s-8.416 22.444-21.041 22.444z",
          "M197.788 592.429h-21.041c-12.625 0-22.444-9.819-22.444-22.458 0-12.611 9.819-22.43 22.444-22.43h22.444c12.625 0 22.444 9.819 22.444 22.43-1.403 12.639-11.222 22.458-23.847 22.458z",
          "M332.452 592.429h-44.888c-12.625 0-22.444-9.819-22.444-22.458 0-12.611 9.819-22.43 22.444-22.43h44.888c12.625 0 22.444 9.819 22.444 22.43 0 12.639-9.819 22.458-22.444 22.458z",
          "M444.671 592.429h-22.444c-12.625 0-22.444-9.819-22.444-22.458 0-12.611 9.819-22.43 22.444-22.43h22.444c12.625 0 22.444 9.819 22.444 22.43-1.403 12.639-11.222 22.458-22.444 22.458z",
          "M577.932 592.429h-44.888c-12.625 0-22.444-9.819-22.444-22.458 0-12.611 9.819-22.43 22.444-22.43h44.888c12.625 0 22.444 9.819 22.444 22.43 0 12.639-9.819 22.458-22.444 22.458z",
          "M667.706 592.429c-5.611 0-11.222-2.805-15.43-7.014-4.208-4.222-7.014-9.819-7.014-15.444 0-5.597 2.805-11.208 7.014-15.416 8.416-8.43 23.847-8.43 32.263 0 4.208 4.208 7.014 9.819 7.014 15.416 0 5.625-2.805 11.222-7.014 15.444-5.611 4.208-11.222 7.014-16.833 7.014z",
          "M1303.151 801.429c0 54.707-44.888 99.609-99.609 99.609-54.693 0-99.58-44.902-99.58-99.609 0-54.693 44.888-99.595 99.58-99.595 54.721 0 99.609 44.902 99.609 99.595z",
          "M1419.575 801.429c0 54.707-44.888 99.609-99.609 99.609-54.693 0-99.58-43.499-99.58-99.609s44.888-99.595 99.58-99.595c54.721 0 99.609 44.902 99.609 99.595z"
        ],
        "attrs": [
          {
            "fill": "rgb(0, 0, 0)",
            "stroke": "rgb(220, 220, 220)",
            "strokeLinejoin": "miter",
            "strokeLinecap": "butt",
            "strokeMiterlimit": "4",
            "strokeWidth": 28.054794520547944
          },
          {
            "fill": "rgb(244, 244, 244)"
          },
          {
            "fill": "rgb(169, 173, 170)"
          },
          {
            "fill": "rgb(102, 102, 102)"
          },
          {
            "fill": "rgb(102, 102, 102)"
          },
          {
            "fill": "rgb(102, 102, 102)"
          },
          {
            "fill": "rgb(102, 102, 102)"
          },
          {
            "fill": "rgb(102, 102, 102)"
          },
          {
            "fill": "rgb(102, 102, 102)"
          },
          {
            "fill": "rgb(102, 102, 102)"
          },
          {
            "fill": "rgb(102, 102, 102)"
          },
          {
            "fill": "rgb(231, 76, 61)"
          },
          {
            "fill": "rgb(240, 196, 27)"
          }
        ],
        "width": 1529,
        "isMulticolor": true,
        "isMulticolor2": false,
        "grid": 0,
        "tags": [
          "g-_card_master"
        ],
        "colorPermutations": {
          "110210210211342004511691731701220220220123176611239199941240196271244244244125525525513514818819791641": [
            {
              "f": 0,
              "s": 9
            },
            {
              "f": 10
            },
            {
              "f": 8
            },
            {
              "f": 2
            },
            {
              "f": 2
            },
            {
              "f": 2
            },
            {
              "f": 2
            },
            {
              "f": 2
            },
            {
              "f": 2
            },
            {
              "f": 2
            },
            {
              "f": 2
            },
            {
              "f": 6
            },
            {
              "f": 5
            }
          ]
        }
      },
      "attrs": [
        {
          "fill": "rgb(0, 0, 0)",
          "stroke": "rgb(220, 220, 220)",
          "strokeLinejoin": "miter",
          "strokeLinecap": "butt",
          "strokeMiterlimit": "4",
          "strokeWidth": 28.054794520547944
        },
        {
          "fill": "rgb(244, 244, 244)"
        },
        {
          "fill": "rgb(169, 173, 170)"
        },
        {
          "fill": "rgb(102, 102, 102)"
        },
        {
          "fill": "rgb(102, 102, 102)"
        },
        {
          "fill": "rgb(102, 102, 102)"
        },
        {
          "fill": "rgb(102, 102, 102)"
        },
        {
          "fill": "rgb(102, 102, 102)"
        },
        {
          "fill": "rgb(102, 102, 102)"
        },
        {
          "fill": "rgb(102, 102, 102)"
        },
        {
          "fill": "rgb(102, 102, 102)"
        },
        {
          "fill": "rgb(231, 76, 61)"
        },
        {
          "fill": "rgb(240, 196, 27)"
        }
      ],
      "properties": {
        "order": 10,
        "id": 14,
        "name": "g-_card_master",
        "prevSize": 32,
        "code": 59648,
        "codes": [
          59648,
          59649,
          59650,
          59651,
          59652,
          59653,
          59654,
          59655,
          59656,
          59657,
          59658,
          59659,
          59660
        ]
      },
      "setIdx": 0,
      "setId": 2,
      "iconIdx": 0
    },
    {
      "icon": {
        "paths": [
          "M1264.64 353.28h-276.48l-322.56-327.68c-5.12-5.12-10.24-5.12-20.48-5.12h-240.64c-10.24 0-20.48 5.12-25.6 15.36s0 20.48 5.12 25.6l291.84 291.84h-281.6l-138.24-138.24c-5.12 0-10.24-5.12-15.36-5.12h-215.040c-10.24 0-15.36 5.12-20.48 10.24-5.12 10.24-5.12 15.36-5.12 25.6l168.96 378.88c5.12 10.24 15.36 15.36 25.6 15.36h440.32l-337.92 337.92c-5.12 5.12-10.24 20.48-5.12 25.6 0 15.36 10.24 20.48 20.48 20.48h240.64c5.12 0 10.24 0 15.36-5.12l445.44-373.76h250.88c102.4 0 168.96-56.32 168.96-143.36-0-92.16-66.56-148.48-168.96-148.48zM471.040 71.68h163.84l281.6 281.6h-163.84l-281.6-281.6zM1264.64 593.92h-261.12c-5.12 0-10.24 0-15.36 5.12l-445.44 373.76h-168.96l337.92-337.92c5.12-5.12 10.24-20.48 5.12-25.6-5.12-10.24-15.36-15.36-25.6-15.36h-481.28l-143.36-332.8h163.84l133.12 133.12c5.12 5.12 10.24 5.12 20.48 5.12h880.64c56.32 0 117.76 25.6 117.76 92.16 0 76.8-61.44 102.4-117.76 102.4z"
        ],
        "attrs": [
          {}
        ],
        "width": 1434,
        "isMulticolor": false,
        "isMulticolor2": false,
        "grid": 0,
        "tags": [
          "g-_ico_avion"
        ],
        "colorPermutations": {
          "110210210211342004511691731701220220220123176611239199941240196271244244244125525525513514818819791641": [
            {}
          ]
        }
      },
      "attrs": [
        {}
      ],
      "properties": {
        "order": 9,
        "id": 13,
        "name": "g-_ico_avion",
        "prevSize": 32,
        "code": 59661
      },
      "setIdx": 0,
      "setId": 2,
      "iconIdx": 1
    },
    {
      "icon": {
        "paths": [
          "M512 0c-281.6 0-512 230.4-512 512s230.4 512 512 512 512-230.4 512-512-230.4-512-512-512zM512 987.429c-263.314 0-475.429-212.114-475.429-475.429s212.114-475.429 475.429-475.429 475.429 212.114 475.429 475.429-212.114 475.429-475.429 475.429z",
          "M672.914 351.086c-3.657-3.657-7.314-7.314-14.629-7.314-3.657 0-10.971 3.657-14.629 7.314l-299.886 299.886c-7.314 7.314-7.314 21.943 0 29.257s21.943 7.314 29.257 0l299.886-299.886c7.314-10.971 7.314-21.943-0-29.257z",
          "M625.371 526.629c-21.943 0-43.886 7.314-58.514 25.6-32.914 32.914-32.914 84.114 0 117.029 14.629 14.629 36.571 25.6 58.514 25.6s43.886-7.314 58.514-25.6c32.914-32.914 32.914-84.114 0-117.029-14.629-14.629-36.571-25.6-58.514-25.6zM654.629 640c-7.314 7.314-18.286 10.971-29.257 10.971s-21.943-3.657-29.257-10.971c-18.286-18.286-18.286-43.886 0-62.171 14.629-14.629 43.886-14.629 62.171 0 14.629 18.286 14.629 47.543-3.657 62.171z",
          "M398.629 497.371c21.943 0 43.886-7.314 58.514-25.6 14.629-14.629 25.6-36.571 25.6-58.514s-7.314-43.886-25.6-58.514c-14.629-14.629-36.571-25.6-58.514-25.6s-43.886 7.314-58.514 25.6c-14.629 14.629-25.6 36.571-25.6 58.514s7.314 43.886 25.6 58.514c18.286 14.629 36.571 25.6 58.514 25.6zM369.371 384c14.629-14.629 43.886-14.629 62.171 0 7.314 7.314 10.971 18.286 10.971 29.257s-3.657 21.943-10.971 29.257-18.286 10.971-29.257 10.971-21.943-3.657-29.257-10.971-10.971-18.286-10.971-29.257c-7.314-10.971 0-21.943 7.314-29.257z"
        ],
        "attrs": [
          {},
          {},
          {},
          {}
        ],
        "isMulticolor": false,
        "isMulticolor2": false,
        "grid": 0,
        "tags": [
          "g-_ico_discount"
        ],
        "colorPermutations": {
          "110210210211342004511691731701220220220123176611239199941240196271244244244125525525513514818819791641": [
            {},
            {},
            {},
            {}
          ]
        }
      },
      "attrs": [
        {},
        {},
        {},
        {}
      ],
      "properties": {
        "order": 11,
        "id": 12,
        "name": "g-_ico_discount",
        "prevSize": 32,
        "code": 59662
      },
      "setIdx": 0,
      "setId": 2,
      "iconIdx": 2
    },
    {
      "icon": {
        "paths": [
          "M819.2 303.407h-159.289c49.304-18.963 91.022-45.511 109.985-83.437 18.963-41.719 15.17-91.022-18.963-147.911-3.793-3.793-56.889-79.644-136.533-68.267-64.474 7.585-125.156 72.059-178.252 185.837-53.096-117.57-113.778-178.252-178.252-185.837-79.644-11.378-136.533 60.681-136.533 68.267-34.133 53.096-41.719 106.193-18.963 147.911 18.963 37.926 60.681 64.474 109.985 83.437h-159.289c-30.341 0-53.096 22.756-53.096 53.096v113.778c0 22.756 11.378 37.926 30.341 49.304v455.111c0 30.341 22.756 53.096 53.096 53.096h705.422c30.341 0 53.096-22.756 53.096-53.096v-455.111c18.963-7.585 30.341-26.548 30.341-49.304v-113.778c0-30.341-22.756-53.096-53.096-53.096zM451.319 235.141c49.304-125.156 109.985-193.422 166.874-201.007 60.681-7.585 102.4 53.096 102.4 53.096 26.548 45.511 34.133 83.437 18.963 113.778-22.756 49.304-106.193 83.437-227.556 98.607 0 0 0 0-3.793 0h-56.889v-64.474zM132.741 204.8c-15.17-30.341-7.585-68.267 18.963-113.778 0 0 45.511-60.681 102.4-53.096s113.778 75.852 166.874 201.007v64.474h-53.096c-128.948-15.17-212.385-49.304-235.141-98.607zM424.77 989.867h-341.333c-11.378 0-18.963-7.585-18.963-18.963v-197.215h360.296v216.178zM424.77 739.556h-360.296v-216.178h360.296v216.178zM807.822 970.904c0 11.378-7.585 18.963-18.963 18.963h-329.956v-216.178h348.919v197.215zM807.822 739.556h-348.919v-216.178h348.919v216.178zM838.163 470.281c0 11.378-7.585 18.963-18.963 18.963h-766.104c-11.378 0-18.963-7.585-18.963-18.963v-113.778c0-11.378 7.585-18.963 18.963-18.963h769.896c11.378 0 18.963 7.585 18.963 18.963v113.778z"
        ],
        "attrs": [
          {}
        ],
        "width": 872,
        "isMulticolor": false,
        "isMulticolor2": false,
        "grid": 0,
        "tags": [
          "g-_ico_regalo"
        ],
        "colorPermutations": {
          "110210210211342004511691731701220220220123176611239199941240196271244244244125525525513514818819791641": [
            {}
          ]
        }
      },
      "attrs": [
        {}
      ],
      "properties": {
        "order": 12,
        "id": 11,
        "name": "g-_ico_regalo",
        "prevSize": 32,
        "code": 59663
      },
      "setIdx": 0,
      "setId": 2,
      "iconIdx": 3
    },
    {
      "icon": {
        "paths": [
          "M512 1023.026c284.444 0 512-227.556 512-512s-227.556-512-512-512-512 231.348-512 512 227.556 512 512 512z",
          "M701.63 313.812l-284.444 280.652-106.193-106.193-45.511 45.511 136.533 132.741 15.17 15.17 329.956-326.163z"
        ],
        "attrs": [
          {
            "fill": "rgb(255, 255, 255)"
          },
          {
            "fill": "rgb(134, 200, 45)"
          }
        ],
        "isMulticolor": true,
        "isMulticolor2": false,
        "grid": 0,
        "tags": [
          "g-Aside"
        ],
        "colorPermutations": {
          "110210210211342004511691731701220220220123176611239199941240196271244244244125525525513514818819791641": [
            {
              "f": 11
            },
            {
              "f": 4
            }
          ]
        }
      },
      "attrs": [
        {
          "fill": "rgb(255, 255, 255)"
        },
        {
          "fill": "rgb(134, 200, 45)"
        }
      ],
      "properties": {
        "order": 13,
        "id": 10,
        "name": "g-Aside",
        "prevSize": 32,
        "code": 59664,
        "codes": [
          59664,
          59665
        ]
      },
      "setIdx": 0,
      "setId": 2,
      "iconIdx": 4
    },
    {
      "icon": {
        "paths": [
          "M1640.129 224.833h-102.802l-164.591 546.962h83.828l35.336-117.773h195.505l35.525 117.773h145.764l-163.169-491.443c-14.907-44.955-23.28-55.519-65.396-55.519zM1515.419 573.515l73.556-249.629 74.501 249.629h-148.057zM1351.368 224.833l-122.749 415.45-103.249-344.167c-19.359-61.657-29.196-71.283-66.343-71.283h-95.995l177.941 546.962h130.667l165.786-546.962h-86.059zM900.69 399.606c55.297-83.807 17.243-174.772-92.181-174.772h-233.617v546.962h225.283c198.109 0 257.434-235.391 74.21-332.588l26.306-39.602zM739.146 698.756h-38.104v-402.662h68.864c33.159 0 61.757 27.899 61.757 61.604 0 11.895-2.17 22.971-13.517 39.594l-44.629 68.328c46.701 11.402 77.911 47.721 77.911 115.54 0 82.47-48.363 117.595-112.281 117.595zM421.421 439.208l26.095-39.602c55.522-83.807 17.484-174.772-92.201-174.772h-233.254v546.962h225.248c197.86 0 257.737-235.391 74.111-332.588zM286.221 698.756h-37.784v-402.662h68.513c33.2 0 62.030 27.899 62.030 61.604 0 11.895-2.145 22.971-13.678 39.594l-44.873 68.328c46.846 11.402 78.016 47.721 78.016 115.54 0 82.47-48.294 117.595-112.223 117.595z",
          "M2168.205 774.564v-551.538h328.462v35.769h-286.538v228.077h212.692v35h-212.692v252.692h-41.923zM2566.864 434.949c7.949-9.487 16.667-18.654 26.154-27.5s19.872-16.731 31.154-23.654c11.282-6.923 23.333-12.436 36.154-16.538s26.538-6.154 41.154-6.154c5.128 0 9.359 0.256 12.692 0.769s5.385 1.026 6.154 1.538v32.308c-1.795 0-3.718-0.128-5.769-0.385-1.795 0-3.718-0.064-5.769-0.192s-3.974-0.192-5.769-0.192c-14.872 0-28.782 2.179-41.731 6.538s-25.064 10.192-36.346 17.5c-11.282 7.308-21.731 15.577-31.346 24.808s-18.526 18.718-26.731 28.462v302.308h-39.615v-410.385h18.462c4.359 0 7.885 0.449 10.577 1.346s4.808 2.885 6.346 5.962c1.538 3.077 2.628 7.628 3.269 13.654s0.962 14.038 0.962 24.038v25.769zM3010.907 718.795c-8.718 8.974-17.692 17.179-26.923 24.615s-19.423 13.718-30.577 18.846c-11.154 5.128-23.526 9.103-37.115 11.923s-28.846 4.231-45.769 4.231c-18.974 0-36.538-2.564-52.692-7.692s-30.128-12.692-41.923-22.692c-11.795-10-21.026-22.436-27.692-37.308s-10-31.923-10-51.154c0-20.769 4.103-38.718 12.308-53.846s19.615-27.628 34.231-37.5c14.615-9.872 31.987-17.179 52.115-21.923s42.115-7.115 65.962-7.115c20 0 38.782 0.962 56.346 2.885s34.808 5.064 51.731 9.423v-73.846c0-15.898-2.436-29.359-7.308-40.385s-11.731-19.936-20.577-26.731c-8.846-6.795-19.487-11.731-31.923-14.808s-26.090-4.615-40.962-4.615c-30.513 0-56.154 3.462-76.923 10.385s-37.692 15.513-50.769 25.769h-16.538v-32.308c8.205-4.615 17.308-9.038 27.308-13.269s20.961-7.949 32.885-11.154c11.923-3.205 25-5.833 39.231-7.885s29.679-3.077 46.346-3.077c20.769 0 39.679 2.051 56.731 6.154s31.667 10.705 43.846 19.808c12.18 9.103 21.538 21.026 28.077 35.769s9.808 32.756 9.808 54.038v299.231h-10.769c-5.897 0-10.641-0.513-14.231-1.538s-6.474-3.013-8.654-5.962c-2.179-2.949-3.654-7.051-4.423-12.308s-1.154-11.987-1.154-20.192v-15.769zM2876.292 747.641c16.41 0 31.154-1.667 44.231-5s25-7.949 35.769-13.846c10.769-5.897 20.513-12.949 29.231-21.154s17.179-17.179 25.385-26.923v-100.769c-15.898-3.59-32.5-6.603-49.808-9.038s-35.833-3.654-55.577-3.654c-18.205 0-35.064 1.667-50.577 5s-28.91 8.654-40.192 15.962c-11.282 7.308-20.128 16.603-26.538 27.885s-9.615 24.744-9.615 40.385c0 16.41 2.5 30.385 7.5 41.923s11.859 20.962 20.577 28.269c8.718 7.308 19.038 12.628 30.962 15.962s24.808 5 38.654 5zM3190.72 429.564c11.539-9.231 24.038-18.077 37.5-26.538s27.756-15.897 42.885-22.308c15.128-6.41 31.026-11.538 47.692-15.385s34.102-5.769 52.308-5.769c14.359 0 27.949 1.667 40.769 5s24.103 9.167 33.846 17.5c9.744 8.333 17.436 19.487 23.077 33.462s8.462 31.731 8.462 53.269v305.769h-39.231v-300.769c0-16.41-2.115-29.872-6.346-40.385s-10-18.782-17.308-24.808c-7.308-6.026-15.961-10.192-25.962-12.5s-20.769-3.462-32.308-3.462c-15.128 0-30.064 1.923-44.808 5.769s-29.102 9.038-43.077 15.577c-13.974 6.538-27.5 13.974-40.577 22.308s-25.385 16.859-36.923 25.577v312.692h-39.615v-410.385h18.462c4.359 0 7.885 0.449 10.577 1.346s4.808 2.756 6.346 5.577c1.538 2.821 2.628 6.923 3.269 12.308s0.962 12.564 0.962 21.538v24.615zM3738.994 777.641c-30 0-56.923-4.872-80.769-14.615s-43.974-23.654-60.385-41.731c-16.41-18.077-28.974-40.064-37.692-65.962s-13.077-55-13.077-87.308c0-32.308 4.744-61.346 14.231-87.115s22.82-47.628 40-65.577c17.18-17.949 37.692-31.731 61.538-41.346s50-14.423 78.462-14.423c16.923 0 32.051 1.154 45.385 3.462s25.192 5.32 35.577 9.038c10.385 3.718 19.423 7.949 27.115 12.692s14.487 9.423 20.385 14.038v31.538h-20.385c-4.615-4.615-10.192-9.295-16.731-14.038s-14.167-8.974-22.885-12.692c-8.718-3.718-18.782-6.731-30.192-9.038s-24.423-3.462-39.038-3.462c-22.821 0-43.654 3.974-62.5 11.923s-35 19.487-48.462 34.615c-13.462 15.128-23.91 33.654-31.346 55.577s-11.154 46.859-11.154 74.808c0 28.205 3.526 53.333 10.577 75.385s17.179 40.705 30.385 55.962c13.205 15.256 29.295 26.859 48.269 34.808s40.384 11.923 64.231 11.923c15.898 0 30.128-1.474 42.692-4.423s23.654-6.667 33.269-11.154c9.615-4.487 17.885-9.551 24.808-15.192s12.82-11.154 17.692-16.538h18.077v30c-5.897 5.641-13.013 11.346-21.346 17.115s-18.205 11.026-29.615 15.769c-11.41 4.744-24.359 8.59-38.846 11.538s-30.577 4.423-48.269 4.423zM3955.73 570.718c0 57.949 13.141 101.538 39.423 130.769s65.192 43.846 116.731 43.846c16.41 0 31.218-1.154 44.423-3.462s25.064-5.449 35.577-9.423c10.513-3.974 19.679-8.526 27.5-13.654s14.423-10.385 19.808-15.769h17.308v28.846c-7.18 5.897-15.449 11.538-24.808 16.923s-20.128 10.256-32.308 14.615c-12.18 4.359-25.833 7.821-40.962 10.385s-32.051 3.846-50.769 3.846c-30.769 0-58.077-4.808-81.923-14.423s-43.91-23.397-60.192-41.346c-16.282-17.949-28.654-39.679-37.115-65.192s-12.692-54.167-12.692-85.962c0-32.308 4.551-61.474 13.654-87.5s21.731-48.205 37.885-66.538c16.154-18.333 35.385-32.436 57.692-42.308s46.538-14.808 72.692-14.808c25.128 0 48.077 3.718 68.846 11.154s38.526 18.974 53.269 34.615c14.744 15.641 26.154 35.577 34.231 59.808s12.115 53.013 12.115 86.346c0 4.103-0.128 8.077-0.385 11.923s-0.385 6.282-0.385 7.308h-309.615zM4097.653 389.564c-18.974 0-36.538 3.141-52.692 9.423s-30.385 15.705-42.692 28.269c-12.308 12.564-22.436 28.333-30.385 47.308s-13.077 41.026-15.385 66.154h270.385c-0.769-27.436-4.359-50.705-10.769-69.808s-15.192-34.679-26.346-46.731c-11.154-12.051-24.551-20.833-40.192-26.346s-32.949-8.269-51.923-8.269zM4083.423 323.026v-12.308l58.846-87.692h39.615v15.769l-74.231 84.231h-24.231zM4440.928 777.641c-17.692 0-33.397-1.218-47.115-3.654s-25.897-5.513-36.538-9.231c-10.641-3.718-19.936-7.82-27.885-12.308s-14.872-8.91-20.769-13.269v-32.308h15.769c4.872 4.615 10.833 9.295 17.885 14.038s15.32 9.038 24.808 12.885c9.487 3.846 20.192 6.987 32.115 9.423s25.32 3.654 40.192 3.654c37.949 0 66.026-7.564 84.231-22.692s27.308-36.923 27.308-65.385c0-12.051-1.795-22.436-5.385-31.154s-9.679-16.218-18.269-22.5c-8.59-6.282-19.936-11.603-34.038-15.962s-31.538-8.205-52.308-11.538c-19.744-3.077-37.5-7.308-53.269-12.692s-29.231-12.308-40.385-20.769c-11.154-8.462-19.744-18.91-25.769-31.346s-9.038-27.372-9.038-44.808c0-17.692 3.333-33.269 10-46.731s16.026-24.808 28.077-34.038c12.051-9.231 26.538-16.154 43.462-20.769s35.641-6.923 56.154-6.923c14.872 0 28.397 0.897 40.577 2.692s23.141 4.167 32.885 7.115c9.744 2.949 18.333 6.218 25.769 9.808s14.103 7.308 20 11.154v32.308h-15.769c-5.641-4.615-11.667-8.91-18.077-12.885s-13.654-7.372-21.731-10.192c-8.077-2.821-17.244-5.064-27.5-6.731s-22.051-2.5-35.385-2.5c-33.59 0-58.91 6.218-75.962 18.654s-25.577 31.090-25.577 55.962c0 11.795 1.859 21.923 5.577 30.385s9.808 15.705 18.269 21.731c8.462 6.026 19.487 11.154 33.077 15.385s30.385 8.013 50.385 11.346c21.539 3.333 40.577 7.628 57.115 12.885s30.449 12.179 41.731 20.769c11.282 8.59 19.808 19.231 25.577 31.923s8.654 28.141 8.654 46.346c0 18.974-2.949 35.961-8.846 50.962s-14.936 27.756-27.115 38.269c-12.18 10.513-27.628 18.59-46.346 24.231s-40.897 8.462-66.538 8.462z"
        ],
        "attrs": [
          {
            "fill": "rgb(9, 79, 164)"
          },
          {
            "fill": "rgb(9, 79, 164)"
          }
        ],
        "width": 4752,
        "isMulticolor": false,
        "isMulticolor2": false,
        "grid": 0,
        "tags": [
          "g-BBVA"
        ],
        "colorPermutations": {
          "110210210211342004511691731701220220220123176611239199941240196271244244244125525525513514818819791641": [
            {
              "f": 1
            },
            {
              "f": 1
            }
          ]
        }
      },
      "attrs": [
        {
          "fill": "rgb(9, 79, 164)"
        },
        {
          "fill": "rgb(9, 79, 164)"
        }
      ],
      "properties": {
        "order": 14,
        "id": 9,
        "name": "g-BBVA",
        "prevSize": 32,
        "code": 59666
      },
      "setIdx": 0,
      "setId": 2,
      "iconIdx": 5
    },
    {
      "icon": {
        "paths": [
          "M-768-5120h13397.333c39.274 0 71.111 31.838 71.111 71.111v9386.667c0 39.274-31.838 71.111-71.111 71.111h-13397.333c-39.274 0-71.111-31.838-71.111-71.111v-9386.667c0-39.274 31.838-71.111 71.111-71.111z",
          "M-824.889-5048.991c0-39.217 31.819-71.009 71.027-71.009h4309.417v9500.444h-4309.417c-39.227 0-71.027-31.852-71.027-71.009v-9358.426z",
          "M1439.332 986.074h-1314.133c-45.511 0-82.489-32.711-82.489-72.533v-807.822c-1.422-39.822 35.556-72.533 82.489-72.533h1315.556c45.511 0 82.475 32.711 82.475 72.533v806.4c-1.408 41.244-38.386 73.956-83.897 73.956z",
          "M42.709 329.007h1479.111v-182.044h-1479.111z",
          "M382.616 486.873h-203.378c-12.8 0-22.756-9.956-22.756-22.756s9.956-22.756 22.756-22.756h203.378c12.8 0 22.756 9.956 22.756 22.756s-9.956 22.756-22.756 22.756z",
          "M677.019 486.873h-203.378c-12.8 0-22.756-9.956-22.756-22.756s9.956-22.756 22.756-22.756h203.378c12.8 0 22.756 9.956 22.756 22.756s-9.956 22.756-22.756 22.756z",
          "M200.575 600.658h-22.756c-12.8 0-22.756-9.956-22.756-22.77 0-12.786 9.956-22.741 22.756-22.741h22.756c12.8 0 22.756 9.956 22.756 22.741 0 12.814-9.956 22.77-22.756 22.77z",
          "M338.526 600.658h-45.511c-12.8 0-22.756-9.956-22.756-22.77 0-12.786 9.956-22.741 22.756-22.741h45.511c12.8 0 22.756 9.956 22.756 22.741-1.422 12.814-11.378 22.77-22.756 22.77z",
          "M452.304 600.658h-22.756c-12.8 0-22.756-9.956-22.756-22.77 0-12.786 9.956-22.741 22.756-22.741h22.756c12.8 0 22.756 9.956 22.756 22.741-2.844 12.814-12.8 22.77-22.756 22.77z",
          "M585.998 600.658h-45.511c-12.8 0-22.756-9.956-22.756-22.77 0-12.786 9.956-22.741 22.756-22.741h45.511c12.8 0 22.756 9.956 22.756 22.741 0 12.814-9.956 22.77-22.756 22.77z",
          "M677.019 600.658c-5.689 0-11.378-2.844-15.644-7.111-4.267-4.281-7.111-9.956-7.111-15.659 0-5.675 2.844-11.364 7.111-15.63 8.533-8.548 24.178-8.548 32.711 0 4.267 4.267 7.111 9.956 7.111 15.63 0 5.703-2.844 11.378-7.111 15.659-5.689 4.267-11.378 7.111-17.067 7.111z",
          "M1191.859 804.032l-27.008 73.956-2.859-14.222c-5.689-17.067-21.333-35.556-38.4-44.089l25.6 93.867h29.881l44.075-109.511h-31.289zM1383.859 870.877l11.378-35.556 8.533 35.556h-19.911zM1416.57 804.032h-21.333c-7.111 0-11.378 1.422-14.222 8.533l-41.244 100.978h29.867l8.548-21.333h32.697l4.267 21.333h25.6l-24.178-109.511zM1317.015 849.544c-9.941-4.281-15.644-8.533-15.644-12.8s5.703-8.533 15.644-8.533c8.533 0 15.644 1.422 21.333 4.267l2.844 1.422 4.267-22.756c-5.689-2.844-14.222-4.267-25.6-4.267-28.444 0-46.933 14.222-46.933 35.556 0 15.644 14.222 24.164 24.178 28.444 11.378 5.689 14.222 8.533 14.222 12.8 0 7.111-8.533 9.956-17.067 9.956-11.378 0-17.067-1.422-27.022-5.703l-4.267-1.408-4.267 24.178c7.111 2.844 18.489 5.675 31.289 5.675 29.867 0 48.356-14.222 48.356-36.964 1.422-14.222-4.267-22.756-21.333-29.867v0zM1231.681 804.032l-17.052 109.511h28.444l17.052-109.511h-28.444z",
          "M1150.623 818.255c-2.844-8.548-8.548-14.222-18.503-14.222h-44.075v1.422c34.133 8.533 62.578 34.133 72.519 58.311l-9.941-45.511z"
        ],
        "attrs": [
          {
            "fill": "rgb(0, 0, 0)",
            "stroke": "rgb(220, 220, 220)",
            "strokeLinejoin": "miter",
            "strokeLinecap": "butt",
            "strokeMiterlimit": "4",
            "strokeWidth": 28.444444444444443
          },
          {
            "fill": "rgb(244, 244, 244)"
          },
          {
            "fill": "rgb(169, 173, 170)"
          },
          {
            "fill": "rgb(102, 102, 102)"
          },
          {
            "fill": "rgb(102, 102, 102)"
          },
          {
            "fill": "rgb(102, 102, 102)"
          },
          {
            "fill": "rgb(102, 102, 102)"
          },
          {
            "fill": "rgb(102, 102, 102)"
          },
          {
            "fill": "rgb(102, 102, 102)"
          },
          {
            "fill": "rgb(102, 102, 102)"
          },
          {
            "fill": "rgb(102, 102, 102)"
          },
          {
            "fill": "rgb(35, 148, 188)"
          },
          {
            "fill": "rgb(239, 199, 94)"
          }
        ],
        "width": 1593,
        "isMulticolor": true,
        "isMulticolor2": false,
        "grid": 0,
        "tags": [
          "g-card_visa"
        ],
        "colorPermutations": {
          "110210210211342004511691731701220220220123176611239199941240196271244244244125525525513514818819791641": [
            {
              "f": 0,
              "s": 9
            },
            {
              "f": 10
            },
            {
              "f": 8
            },
            {
              "f": 2
            },
            {
              "f": 2
            },
            {
              "f": 2
            },
            {
              "f": 2
            },
            {
              "f": 2
            },
            {
              "f": 2
            },
            {
              "f": 2
            },
            {
              "f": 2
            },
            {
              "f": 3
            },
            {
              "f": 7
            }
          ]
        }
      },
      "attrs": [
        {
          "fill": "rgb(0, 0, 0)",
          "stroke": "rgb(220, 220, 220)",
          "strokeLinejoin": "miter",
          "strokeLinecap": "butt",
          "strokeMiterlimit": "4",
          "strokeWidth": 28.444444444444443
        },
        {
          "fill": "rgb(244, 244, 244)"
        },
        {
          "fill": "rgb(169, 173, 170)"
        },
        {
          "fill": "rgb(102, 102, 102)"
        },
        {
          "fill": "rgb(102, 102, 102)"
        },
        {
          "fill": "rgb(102, 102, 102)"
        },
        {
          "fill": "rgb(102, 102, 102)"
        },
        {
          "fill": "rgb(102, 102, 102)"
        },
        {
          "fill": "rgb(102, 102, 102)"
        },
        {
          "fill": "rgb(102, 102, 102)"
        },
        {
          "fill": "rgb(102, 102, 102)"
        },
        {
          "fill": "rgb(35, 148, 188)"
        },
        {
          "fill": "rgb(239, 199, 94)"
        }
      ],
      "properties": {
        "order": 19,
        "id": 8,
        "name": "g-card_visa",
        "prevSize": 32,
        "code": 59667,
        "codes": [
          59667,
          59668,
          59669,
          59670,
          59671,
          59672,
          59673,
          59674,
          59675,
          59676,
          59677,
          59678,
          59679
        ]
      },
      "setIdx": 0,
      "setId": 2,
      "iconIdx": 6
    },
    {
      "icon": {
        "paths": [
          "M974.696 394.43l-102.4-15.17c-3.793-11.378-7.585-18.963-11.378-26.548l64.474-87.23c18.963-22.756 15.17-60.681-7.585-83.437l-75.852-75.852c-11.378-11.378-30.341-18.963-49.304-18.963-11.378 0-26.548 3.793-34.133 11.378l-83.437 64.474c-11.378-3.793-18.963-7.585-30.341-11.378l-15.17-102.4c-3.793-30.341-30.341-49.304-64.474-49.304h-106.193c-34.133 0-60.681 18.963-64.474 49.304l-15.17 102.4c-11.378 3.793-18.963 7.585-30.341 11.378l-83.437-64.474c-7.585-7.585-22.756-11.378-34.133-11.378-18.963 0-34.133 7.585-49.304 18.963l-75.852 75.852c-18.963 22.756-22.756 56.889-7.585 83.437l64.474 83.437c-3.793 11.378-7.585 18.963-11.378 30.341l-102.4 15.17c-30.341 3.793-49.304 30.341-49.304 64.474v106.193c0 34.133 18.963 60.681 49.304 64.474l102.4 15.17c3.793 11.378 7.585 18.963 11.378 26.548l-64.474 83.437c-18.963 22.756-15.17 60.681 7.585 83.437l75.852 75.852c11.378 11.378 30.341 18.963 49.304 18.963 11.378 0 26.548-3.793 34.133-11.378l83.437-64.474c7.585 3.793 18.963 7.585 26.548 11.378l15.17 102.4c3.793 30.341 30.341 49.304 64.474 49.304h106.193c34.133 0 60.681-18.963 64.474-49.304l15.17-102.4c7.585-3.793 18.963-7.585 30.341-11.378l83.437 64.474c11.378 7.585 22.756 11.378 34.133 11.378 18.963 0 34.133-7.585 49.304-18.963l75.852-75.852c22.756-22.756 26.548-56.889 7.585-83.437l-64.474-83.437c3.793-7.585 7.585-18.963 11.378-30.341l102.4-15.17c30.341-3.793 49.304-30.341 49.304-64.474v-106.193c3.793-30.341-15.17-56.889-45.511-60.681zM970.904 565.096h-3.793l-144.119 18.963-7.585 18.963c-7.585 18.963-15.17 37.926-22.756 56.889l-11.378 18.963 87.23 113.778-75.852 75.852-113.778-83.437-18.963 11.378c-18.963 11.378-37.926 18.963-56.889 22.756l-18.963 7.585-18.963 144.119v3.793h-106.193v-3.793l-18.963-144.119-22.756-11.378c-18.963-7.585-37.926-15.17-56.889-22.756l-18.963-11.378-113.778 83.437-75.852-75.852 87.23-113.778-11.378-15.17c-7.585-15.17-15.17-34.133-22.756-56.889l-7.585-18.963-144.119-18.963h-3.793v-106.193h3.793l144.119-18.963 7.585-22.756c7.585-18.963 15.17-37.926 22.756-56.889l11.378-18.963-87.23-113.778 75.852-75.852 113.778 83.437 22.756-7.585c18.963-11.378 37.926-18.963 56.889-22.756l18.963-7.585 18.963-144.119v-3.793h106.193v3.793l18.963 144.119 22.756 7.585c18.963 7.585 37.926 15.17 56.889 22.756l18.963 11.378 113.778-83.437 75.852 75.852-87.23 113.778 11.378 15.17c7.585 15.17 15.17 34.133 22.756 56.889l7.585 18.963 144.119 18.963h3.793v109.985h-3.793z",
          "M512 284.444c-121.363 0-223.763 98.607-223.763 223.763 0 121.363 98.607 223.763 223.763 223.763 121.363 0 223.763-98.607 223.763-223.763s-102.4-223.763-223.763-223.763zM512 678.874c-94.815 0-170.667-75.852-170.667-170.667s75.852-170.667 170.667-170.667 170.667 75.852 170.667 170.667c0 91.022-75.852 170.667-170.667 170.667z"
        ],
        "attrs": [
          {},
          {}
        ],
        "isMulticolor": false,
        "isMulticolor2": false,
        "grid": 0,
        "tags": [
          "g-herramienta"
        ],
        "colorPermutations": {
          "110210210211342004511691731701220220220123176611239199941240196271244244244125525525513514818819791641": [
            {},
            {}
          ]
        }
      },
      "attrs": [
        {},
        {}
      ],
      "properties": {
        "order": 15,
        "id": 7,
        "name": "g-herramienta",
        "prevSize": 32,
        "code": 59680
      },
      "setIdx": 0,
      "setId": 2,
      "iconIdx": 7
    },
    {
      "icon": {
        "paths": [
          "M512 0c-281.6 0-512 230.4-512 512s230.4 512 512 512 512-230.4 512-512-230.4-512-512-512zM512 983.771c-259.657 0-471.771-212.114-471.771-471.771s212.114-471.771 471.771-471.771 471.771 212.114 471.771 471.771-212.114 471.771-471.771 471.771z",
          "M753.371 303.543l-303.543 340.114-182.857-146.286c-7.314-7.314-21.943-3.657-29.257 3.657s-3.657 21.943 3.657 29.257l197.486 157.257c3.657 3.657 7.314 3.657 10.971 3.657s10.971-3.657 14.629-7.314l318.171-354.743c7.314-7.314 7.314-21.943 0-29.257-10.971-7.314-21.943-7.314-29.257 3.657z"
        ],
        "attrs": [
          {},
          {}
        ],
        "isMulticolor": false,
        "isMulticolor2": false,
        "grid": 0,
        "tags": [
          "g-ico_check"
        ],
        "colorPermutations": {
          "110210210211342004511691731701220220220123176611239199941240196271244244244125525525513514818819791641": [
            {},
            {}
          ]
        }
      },
      "attrs": [
        {},
        {}
      ],
      "properties": {
        "order": 16,
        "id": 6,
        "name": "g-ico_check",
        "prevSize": 32,
        "code": 59681
      },
      "setIdx": 0,
      "setId": 2,
      "iconIdx": 8
    },
    {
      "icon": {
        "paths": [
          "M644.267 311.467h-55.467c-42.667 0-51.2 21.333-51.2 51.2v64h102.4l-12.8 102.4h-89.6v268.8h-106.667v-268.8h-85.333v-102.4h85.333v-72.533c0-89.6 55.467-136.533 132.267-136.533 38.4 0 72.533 4.267 81.067 4.267v89.6zM512 0c-281.6 0-512 230.4-512 512s230.4 512 512 512 512-230.4 512-512-230.4-512-512-512v0z"
        ],
        "attrs": [
          {
            "fill": "rgb(255, 255, 255)"
          }
        ],
        "isMulticolor": false,
        "isMulticolor2": false,
        "grid": 0,
        "tags": [
          "g-ico_face"
        ],
        "colorPermutations": {
          "110210210211342004511691731701220220220123176611239199941240196271244244244125525525513514818819791641": [
            {
              "f": 11
            }
          ]
        }
      },
      "attrs": [
        {
          "fill": "rgb(255, 255, 255)"
        }
      ],
      "properties": {
        "order": 17,
        "id": 5,
        "name": "g-ico_face",
        "prevSize": 32,
        "code": 59682
      },
      "setIdx": 0,
      "setId": 2,
      "iconIdx": 9
    },
    {
      "icon": {
        "paths": [
          "M754.726 519.585l-18.963-7.585 11.378-15.17c49.304-53.096 75.852-125.156 75.852-197.215 3.793-166.874-128.948-299.615-292.030-299.615s-295.822 132.741-295.822 295.822c0 163.081 132.741 295.822 295.822 295.822 56.889 0 109.985-15.17 155.496-45.511l7.585-3.793 7.585 3.793c174.459 64.474 295.822 227.556 310.993 409.6v15.17h-963.319v-15.17c11.378-125.156 68.267-238.933 163.081-322.37 11.378-7.585 11.378-22.756 3.793-34.133-3.793-3.793-11.378-7.585-15.17-7.585 0 0 0 0 0 0-7.585 0-11.378 3.793-15.17 7.585-117.57 98.607-185.837 246.519-185.837 398.222 0 15.17 11.378 26.548 22.756 26.548h1012.622c15.17 0 22.756-11.378 22.756-22.756 3.793-208.593-117.57-394.43-303.407-481.659zM530.963 546.133c-136.533 0-250.311-109.985-250.311-250.311 0-136.533 109.985-246.519 250.311-246.519s250.311 109.985 250.311 246.519c0 140.326-113.778 250.311-250.311 250.311z"
        ],
        "attrs": [
          {}
        ],
        "width": 1062,
        "isMulticolor": false,
        "isMulticolor2": false,
        "grid": 0,
        "tags": [
          "g-ico_people"
        ],
        "colorPermutations": {
          "110210210211342004511691731701220220220123176611239199941240196271244244244125525525513514818819791641": [
            {}
          ]
        }
      },
      "attrs": [
        {}
      ],
      "properties": {
        "order": 18,
        "id": 4,
        "name": "g-ico_people",
        "prevSize": 32,
        "code": 59683
      },
      "setIdx": 0,
      "setId": 2,
      "iconIdx": 10
    },
    {
      "icon": {
        "paths": [
          "M3003.718 921.097v-743.010h447.425v48.187h-390.318v307.256h289.726v47.151h-289.726v340.417h-57.107zM3546.765 463.581c10.828-12.781 22.703-25.13 35.626-37.047s27.069-22.539 42.437-31.866c15.368-9.327 31.784-16.753 49.248-22.28s36.15-8.29 56.059-8.29c6.986 0 12.749 0.345 17.289 1.036s7.335 1.382 8.383 2.073v43.524c-2.445 0-5.065-0.173-7.859-0.518-2.445 0-5.065-0.086-7.859-0.259s-5.414-0.259-7.859-0.259c-20.258 0-39.206 2.936-56.845 8.808s-34.142 13.731-49.51 23.575c-15.368 9.845-29.601 20.985-42.699 33.42s-25.235 25.216-36.412 38.342v407.257h-53.963v-552.854h25.148c5.938 0 10.74 0.604 14.408 1.813s6.549 3.886 8.645 8.031c2.096 4.145 3.58 10.276 4.453 18.394s1.31 18.912 1.31 32.384v34.715zM4151.633 845.967c-11.876 12.090-24.1 23.143-36.674 33.161s-26.458 18.48-41.651 25.389c-15.194 6.909-32.046 12.263-50.558 16.062s-39.294 5.7-62.346 5.7c-25.847 0-49.772-3.454-71.777-10.363s-41.040-17.098-57.107-30.57c-16.067-13.472-28.641-30.225-37.722-50.259s-13.622-43.005-13.622-68.912c0-27.98 5.588-52.159 16.765-72.539s26.72-37.22 46.629-50.518c19.909-13.299 43.572-23.143 70.991-29.534s57.369-9.586 89.852-9.586c27.244 0 52.828 1.295 76.754 3.886s47.414 6.822 70.467 12.694v-99.483c0-21.416-3.318-39.551-9.954-54.405s-15.979-26.857-28.030-36.011c-12.050-9.154-26.545-15.803-43.485-19.948s-35.539-6.218-55.797-6.218c-41.564 0-76.492 4.663-104.783 13.99s-51.344 20.898-69.157 34.715h-22.528v-43.524c11.177-6.218 23.576-12.176 37.198-17.876s28.553-10.708 44.795-15.026c16.242-4.318 34.055-7.858 53.44-10.622s40.429-4.145 63.132-4.145c28.292 0 54.051 2.763 77.278 8.29s43.136 14.421 59.727 26.684c16.591 12.263 29.339 28.325 38.246 48.187s13.36 44.128 13.36 72.798v403.112h-14.67c-8.033 0-14.495-0.691-19.385-2.073s-8.819-4.059-11.788-8.031c-2.969-3.972-4.977-9.499-6.025-16.58s-1.572-16.149-1.572-27.202v-21.244zM3968.262 884.828c22.354 0 42.437-2.245 60.25-6.736s34.055-10.708 48.724-18.653c14.67-7.945 27.942-17.444 39.818-28.498s23.402-23.143 34.579-36.27v-135.752c-21.655-4.836-44.271-8.895-67.847-12.176s-48.811-4.922-75.706-4.922c-24.799 0-47.764 2.245-68.895 6.736s-39.381 11.658-54.749 21.503c-15.368 9.845-27.418 22.366-36.15 37.565s-13.098 33.333-13.098 54.405c0 22.107 3.405 40.933 10.216 56.477s16.154 28.238 28.030 38.083c11.876 9.845 25.934 17.012 42.175 21.503s33.793 6.736 52.654 6.736zM4396.571 456.327c15.718-12.435 32.745-24.352 51.082-35.752s37.809-21.416 58.417-30.052c20.608-8.636 42.263-15.544 64.966-20.726s46.454-7.772 71.253-7.772c19.56 0 38.071 2.245 55.535 6.736s32.832 12.349 46.105 23.575c13.273 11.226 23.751 26.252 31.435 45.078s11.526 42.746 11.526 71.762v411.92h-53.439v-405.184c0-22.107-2.882-40.242-8.645-54.405s-13.622-25.302-23.576-33.42c-9.954-8.118-21.743-13.731-35.364-16.839s-28.291-4.663-44.009-4.663c-20.608 0-40.953 2.591-61.036 7.772s-39.643 12.176-58.679 20.985c-19.036 8.808-37.46 18.826-55.273 30.052s-34.578 22.712-50.296 34.456v421.247h-53.963v-552.854h25.148c5.938 0 10.74 0.604 14.408 1.813s6.549 3.713 8.645 7.513c2.096 3.8 3.58 9.326 4.453 16.58s1.31 16.926 1.31 29.016v33.161zM5143.422 925.243c-40.866 0-77.54-6.563-110.023-19.689s-59.901-31.865-82.255-56.218c-22.354-24.353-39.468-53.973-51.344-88.861s-17.813-74.094-17.813-117.617c0-43.524 6.462-82.643 19.385-117.358s31.086-64.163 54.487-88.343c23.402-24.18 51.344-42.746 83.827-55.7s68.109-19.43 106.879-19.43c23.052 0 43.66 1.554 61.822 4.663s34.316 7.168 48.462 12.176c14.146 5.009 26.458 10.708 36.936 17.099s19.734 12.694 27.768 18.912v42.487h-27.768c-6.287-6.218-13.884-12.522-22.79-18.912s-19.298-12.090-31.173-17.099c-11.876-5.009-25.585-9.067-41.127-12.176s-33.269-4.663-53.178-4.663c-31.086 0-59.464 5.354-85.136 16.062s-47.676 26.252-66.014 46.632c-18.337 20.38-32.57 45.337-42.699 74.871s-15.194 63.126-15.194 100.778c0 37.997 4.803 71.848 14.408 101.555s23.402 54.836 41.389 75.389c17.988 20.553 39.905 36.183 65.752 46.892s55.011 16.062 87.494 16.062c21.655 0 41.040-1.986 58.155-5.959s32.221-8.981 45.319-15.026c13.098-6.045 24.362-12.867 33.793-20.466s17.464-15.026 24.1-22.28h24.624v40.415c-8.033 7.599-17.726 15.285-29.077 23.057s-24.799 14.853-40.342 21.244c-15.543 6.39-33.181 11.572-52.916 15.544s-41.651 5.959-65.752 5.959zM5438.656 646.484c0 78.067 17.9 136.788 53.701 176.167s88.804 59.068 159.009 59.068c22.354 0 42.524-1.554 60.512-4.663s34.142-7.34 48.462-12.694c14.32-5.354 26.807-11.485 37.46-18.394s19.647-13.99 26.982-21.244h23.576v38.86c-9.78 7.945-21.044 15.544-33.793 22.798s-27.418 13.817-44.009 19.689c-16.591 5.872-35.19 10.535-55.797 13.99s-43.66 5.181-69.157 5.181c-41.914 0-79.111-6.477-111.594-19.43s-59.814-31.52-81.993-55.7c-22.179-24.18-39.032-53.454-50.558-87.824s-17.289-72.971-17.289-115.804c0-43.524 6.2-82.816 18.599-117.876s29.601-64.94 51.606-89.638c22.005-24.698 48.2-43.696 78.588-56.995s63.394-19.948 99.020-19.948c34.229 0 65.489 5.009 93.781 15.026s52.479 25.561 72.563 46.632c20.084 21.071 35.626 47.928 46.629 80.571s16.503 71.417 16.503 116.322c0 5.527-0.175 10.881-0.524 16.062s-0.524 8.463-0.524 9.845h-421.753zM5631.981 402.441c-25.847 0-49.772 4.231-71.777 12.694s-41.389 21.157-58.155 38.083c-16.765 16.926-30.562 38.169-41.389 63.731s-17.813 55.268-20.957 89.12h368.314c-1.048-36.961-5.938-68.308-14.67-94.042s-20.695-46.719-35.888-62.954c-15.194-16.235-33.443-28.066-54.749-35.492s-44.882-11.14-70.729-11.14zM5612.596 312.803v-16.58l80.159-118.136h53.963v21.244l-101.116 113.472h-33.007zM6099.583 925.243c-24.1 0-45.493-1.641-64.18-4.922s-35.277-7.427-49.772-12.435c-14.495-5.009-27.156-10.535-37.984-16.58s-20.258-12.004-28.292-17.876v-43.524h21.481c6.636 6.218 14.757 12.522 24.362 18.912s20.869 12.176 33.793 17.358c12.923 5.181 27.506 9.413 43.747 12.694s34.491 4.922 54.749 4.922c51.693 0 89.939-10.19 114.738-30.57s37.198-49.741 37.198-88.084c0-16.235-2.445-30.225-7.335-41.969s-13.185-21.848-24.886-30.311c-11.701-8.463-27.156-15.63-46.367-21.503s-42.961-11.054-71.253-15.544c-26.895-4.145-51.082-9.845-72.562-17.099s-39.818-16.58-55.011-27.979c-15.194-11.399-26.894-25.475-35.102-42.228s-12.312-36.874-12.312-60.363c0-23.834 4.541-44.819 13.622-62.954s21.83-33.42 38.246-45.855c16.416-12.435 36.15-21.762 59.203-27.979s48.549-9.326 76.492-9.326c20.258 0 38.682 1.209 55.273 3.627s31.522 5.613 44.795 9.586c13.273 3.972 24.973 8.377 35.102 13.213s19.21 9.845 27.244 15.026v43.524h-21.481c-7.684-6.218-15.892-12.004-24.624-17.358s-18.599-9.931-29.601-13.731c-11.002-3.8-23.489-6.822-37.46-9.067s-30.038-3.368-48.2-3.368c-45.756 0-80.247 8.376-103.474 25.13s-34.84 41.883-34.84 75.389c0 15.89 2.532 29.534 7.597 40.933s13.36 21.157 24.886 29.275c11.526 8.118 26.545 15.026 45.057 20.726s41.389 10.795 68.633 15.285c29.339 4.491 55.273 10.276 77.802 17.358s41.477 16.408 56.845 27.979c15.368 11.572 26.982 25.907 34.84 43.005s11.788 37.91 11.788 62.436c0 25.562-4.017 48.446-12.050 68.653s-20.345 37.392-36.936 51.555c-16.591 14.163-37.635 25.043-63.132 32.643s-55.71 11.399-90.638 11.399z",
          "M2293.437 178.087h-140.036l-224.203 736.845h114.189l48.134-158.659h266.314l48.391 158.659h198.557l-222.266-662.053c-20.306-60.561-31.712-74.792-89.081-74.792v0zM2123.558 647.816l100.197-336.29 101.484 336.29h-201.68z",
          "M1889.32 178.087l-167.206 559.678-140.644-463.648c-26.37-83.062-39.77-96.030-90.371-96.030h-130.763l242.389 736.845h177.992l225.831-736.845h-117.228z",
          "M1266.873 413.533c75.325-112.901 23.487-235.446-125.568-235.446h-318.23v736.845h306.876c269.861 0 350.673-317.109 101.088-448.049l35.833-53.35zM1046.82 816.536h-51.904v-542.45h93.805c45.168 0 84.124 37.585 84.124 82.991 0 16.024-2.955 30.946-18.413 53.339l-60.793 92.049c63.615 15.36 106.129 64.288 106.129 155.651 0 111.101-65.879 158.419-152.947 158.419v0z",
          "M630.392 466.883l35.547-53.35c75.631-112.901 23.817-235.446-125.595-235.446h-317.735v736.845h306.83c269.521 0 351.085-317.109 100.953-448.049v0zM446.225 816.536h-51.469v-542.45h93.327c45.225 0 84.496 37.585 84.496 82.991 0 16.024-2.921 30.946-18.632 53.339l-61.125 92.049c63.812 15.36 106.272 64.288 106.272 155.651 0 111.101-65.786 158.419-152.869 158.419v0z"
        ],
        "attrs": [
          {
            "fill": "rgb(255, 255, 255)"
          },
          {
            "fill": "rgb(255, 255, 255)"
          },
          {
            "fill": "rgb(255, 255, 255)"
          },
          {
            "fill": "rgb(255, 255, 255)"
          },
          {
            "fill": "rgb(255, 255, 255)"
          }
        ],
        "width": 6456,
        "isMulticolor": false,
        "isMulticolor2": false,
        "grid": 0,
        "tags": [
          "g-logo_footer"
        ],
        "colorPermutations": {
          "110210210211342004511691731701220220220123176611239199941240196271244244244125525525513514818819791641": [
            {
              "f": 11
            },
            {
              "f": 11
            },
            {
              "f": 11
            },
            {
              "f": 11
            },
            {
              "f": 11
            }
          ]
        }
      },
      "attrs": [
        {
          "fill": "rgb(255, 255, 255)"
        },
        {
          "fill": "rgb(255, 255, 255)"
        },
        {
          "fill": "rgb(255, 255, 255)"
        },
        {
          "fill": "rgb(255, 255, 255)"
        },
        {
          "fill": "rgb(255, 255, 255)"
        }
      ],
      "properties": {
        "order": 8,
        "id": 3,
        "name": "g-logo_footer",
        "prevSize": 32,
        "code": 59684
      },
      "setIdx": 0,
      "setId": 2,
      "iconIdx": 11
    },
    {
      "icon": {
        "paths": [
          "M144.119 576.474c-7.585 0-15.17 7.585-15.17 15.17s7.585 15.17 15.17 15.17h329.956c7.585 0 15.17-7.585 15.17-15.17s-7.585-15.17-15.17-15.17h-329.956z",
          "M769.896 773.689v201.007c0 7.585-7.585 15.17-15.17 15.17h-705.422c-7.585 0-15.17-7.585-15.17-15.17v-925.393c-3.793-11.378 3.793-18.963 15.17-18.963h527.17v174.459c0 7.585 7.585 15.17 15.17 15.17h174.459v227.556l3.793-3.793v-3.793l26.548-53.096v-178.252c0-3.793 0-7.585-3.793-11.378l-193.422-193.422c-0-3.793-3.793-3.793-7.585-3.793h-542.341c-26.548 0-49.304 22.756-49.304 49.304v929.185c0 22.756 22.756 45.511 49.304 45.511h705.422c26.548 0 49.304-22.756 49.304-49.304v-261.689l-26.548 45.511-7.585 15.17zM606.815 53.096l136.533 136.533h-136.533v-136.533z",
          "M671.289 496.83c0-7.585-7.585-15.17-15.17-15.17h-512c-7.585 0-15.17 7.585-15.17 15.17s7.585 15.17 15.17 15.17h512c7.585 0 15.17-7.585 15.17-15.17z",
          "M656.119 383.052h-512c-7.585 0-15.17 7.585-15.17 15.17s7.585 15.17 15.17 15.17h512c7.585 0 15.17-7.585 15.17-15.17s-7.585-15.17-15.17-15.17z",
          "M1001.244 284.444c-3.793 0-3.793 0 0 0l15.17-34.133c3.793-7.585 0-18.963-7.585-22.756l-11.378-3.793 18.963-34.133c3.793-7.585 0-18.963-7.585-22.756-3.793 0-3.793-3.793-7.585-3.793-7.585 0-11.378 3.793-15.17 7.585l-18.963 34.133-3.793-3.793c-3.793 0-3.793-3.793-7.585-3.793-7.585 0-11.378 3.793-15.17 7.585l-136.533 254.104 79.644 41.719 98.607-185.837c7.585 18.963 15.17 49.304 3.793 75.852l-83.437 155.496c-3.793 7.585 0 18.963 7.585 22.756 3.793 0 3.793 3.793 7.585 3.793 7.585 0 11.378-3.793 15.17-7.585l83.437-155.496c26.548-56.889-15.17-125.156-15.17-125.156z",
          "M781.274 493.037l-15.17 26.548-98.607 182.044c-22.756 45.511-34.133 113.778-37.926 144.119-3.793 0-7.585 0-11.378 3.793 0 0-3.793 0-7.585 0s-11.378 3.793-15.17 3.793c-18.963 3.793-41.719 7.585-64.474 7.585-30.341 0-45.511-11.378-45.511-30.341 0-3.793 0-7.585 3.793-11.378 3.793-7.585 7.585-18.963 0-26.548-3.793-3.793-7.585-3.793-11.378-3.793-7.585 0-18.963 3.793-22.756 7.585-18.963 7.585-34.133 18.963-49.304 34.133-3.793 3.793-7.585 7.585-15.17 11.378-15.17 15.17-34.133 30.341-49.304 34.133-3.793 0-7.585 0-7.585-3.793-3.793-3.793-3.793-18.963 30.341-72.059v0c0 0 3.793-3.793 3.793-7.585 18.963-30.341 30.341-49.304 22.756-60.681-3.793-3.793-7.585-3.793-11.378-3.793-18.963 0-53.096 22.756-68.267 30.341v0c0 0-3.793 0-3.793 3.793-26.548 15.17-49.304 34.133-72.059 49.304-15.17 11.378-34.133 26.548-53.096 37.926-15.17 11.378-26.548 15.17-30.341 15.17-7.585 0-7.585-3.793-11.378-11.378 0-11.378 3.793-22.756 11.378-34.133 15.17-15.17 34.133-30.341 49.304-30.341 7.585 0 18.963-11.378 18.963-18.963 0-3.793 0-3.793-7.585-3.793-41.719 3.793-75.852 37.926-94.815 68.267-11.378 18.963-7.585 30.341-3.793 37.926s15.17 11.378 26.548 11.378c7.585 0 15.17-3.793 22.756-3.793 34.133-15.17 60.681-37.926 91.022-60.681v0c15.17-11.378 30.341-22.756 45.511-34.133 7.585-3.793 53.096-30.341 64.474-30.341 0 7.585-11.378 22.756-15.17 30.341v0c-3.793 3.793-3.793 3.793-3.793 7.585s0 7.585-3.793 11.378v3.793c-15.17 22.756-37.926 53.096-30.341 79.644 3.793 7.585 7.585 11.378 18.963 11.378 15.17 0 37.926-11.378 68.267-37.926h3.793c34.133-26.548 56.889-45.511 68.267-45.511v0 0c0 7.585 0 11.378-3.793 15.17-3.793 11.378-7.585 26.548 11.378 41.719 11.378 11.378 26.548 15.17 49.304 15.17 18.963 0 45.511-3.793 72.059-11.378 3.793 0 11.378-3.793 15.17-3.793 0 0 0 0 3.793 0h3.793c3.793 0 7.585-3.793 11.378-3.793 0 0 87.23-60.681 117.57-121.363v0l49.304-98.607 60.681-113.778-60.681-34.133-18.963-7.585z",
          "M144.119 223.763h318.578c7.585 0 15.17-7.585 15.17-15.17s-7.585-15.17-15.17-15.17h-318.578c-7.585 0-15.17 7.585-15.17 15.17s7.585 15.17 15.17 15.17z",
          "M656.119 288.237h-512c-7.585 0-15.17 7.585-15.17 15.17s7.585 15.17 15.17 15.17h512c7.585 0 15.17-7.585 15.17-15.17s-7.585-15.17-15.17-15.17z"
        ],
        "attrs": [
          {},
          {},
          {},
          {},
          {},
          {},
          {},
          {}
        ],
        "isMulticolor": false,
        "isMulticolor2": false,
        "grid": 0,
        "tags": [
          "g-Paper"
        ],
        "colorPermutations": {
          "110210210211342004511691731701220220220123176611239199941240196271244244244125525525513514818819791641": [
            {},
            {},
            {},
            {},
            {},
            {},
            {},
            {}
          ]
        }
      },
      "attrs": [
        {},
        {},
        {},
        {},
        {},
        {},
        {},
        {}
      ],
      "properties": {
        "order": 5,
        "id": 2,
        "name": "g-Paper",
        "prevSize": 32,
        "code": 59685
      },
      "setIdx": 0,
      "setId": 2,
      "iconIdx": 12
    },
    {
      "icon": {
        "paths": [
          "M789.333 409.6c0 4.267 0 8.533 0 17.067 0 162.133-132.267 345.6-375.467 345.6-72.533 0-145.067-21.333-200.533-55.467 8.533 0 21.333 0 29.867 0 59.733 0 119.467-21.333 162.133-51.2-59.733 0-106.667-38.4-123.733-85.333 8.533 0 17.067 0 25.6 0 12.8 0 17.067 0 25.6-4.267-59.733-12.8-115.2-59.733-115.2-119.467v0c0 8.533 46.933 12.8 68.267 17.067-29.867-21.333-51.2-59.733-51.2-102.4 0-21.333 8.533-42.667 21.333-59.733 64 72.533 162.133 123.733 273.067 128 0-8.533-4.267-17.067-4.267-29.867 0-68.267 59.733-123.733 132.267-123.733 38.4 0 72.533 12.8 98.133 38.4 29.867-4.267 59.733-17.067 85.333-29.867-8.533 29.867-29.867 51.2-59.733 68.267 25.6-4.267 51.2-8.533 76.8-17.067-21.333 21.333-42.667 46.933-68.267 64zM512 0c-281.6 0-512 230.4-512 512s230.4 512 512 512c281.6 0 512-230.4 512-512s-230.4-512-512-512z"
        ],
        "attrs": [
          {
            "fill": "rgb(255, 255, 255)"
          }
        ],
        "isMulticolor": false,
        "isMulticolor2": false,
        "grid": 0,
        "tags": [
          "g-twitter"
        ],
        "colorPermutations": {
          "110210210211342004511691731701220220220123176611239199941240196271244244244125525525513514818819791641": [
            {
              "f": 11
            }
          ]
        }
      },
      "attrs": [
        {
          "fill": "rgb(255, 255, 255)"
        }
      ],
      "properties": {
        "order": 6,
        "id": 1,
        "name": "g-twitter",
        "prevSize": 32,
        "code": 59686
      },
      "setIdx": 0,
      "setId": 2,
      "iconIdx": 13
    },
    {
      "icon": {
        "paths": [
          "M443.733 593.067l174.933-89.6-174.933-93.867v183.467zM836.267 533.333c0 51.2-4.267 106.667-4.267 106.667s-4.267 46.933-25.6 64c-25.6 25.6-51.2 25.6-64 25.6-89.6 8.533-230.4 8.533-230.4 8.533s-170.667 0-221.867-8.533c-12.8-4.267-46.933 0-72.533-29.867-21.333-12.8-25.6-59.733-25.6-59.733s-8.533-51.2-8.533-106.667v-51.2c0-51.2 8.533-106.667 8.533-106.667s4.267-46.933 25.6-64c25.6-25.6 51.2-25.6 64-25.6 89.6-4.267 230.4-4.267 230.4-4.267v0c0 0 136.533 0 230.4 4.267 12.8 0 42.667 0 64 25.6 21.333 21.333 25.6 64 25.6 64s4.267 51.2 4.267 106.667v51.2zM512 0c-281.6 0-512 230.4-512 512s230.4 512 512 512 512-230.4 512-512c0-281.6-230.4-512-512-512v0z"
        ],
        "attrs": [
          {
            "fill": "rgb(255, 255, 255)"
          }
        ],
        "isMulticolor": false,
        "isMulticolor2": false,
        "grid": 0,
        "tags": [
          "g-youtube"
        ],
        "colorPermutations": {
          "110210210211342004511691731701220220220123176611239199941240196271244244244125525525513514818819791641": [
            {
              "f": 11
            }
          ]
        }
      },
      "attrs": [
        {
          "fill": "rgb(255, 255, 255)"
        }
      ],
      "properties": {
        "order": 7,
        "id": 0,
        "name": "g-youtube",
        "prevSize": 32,
        "code": 59687
      },
      "setIdx": 0,
      "setId": 2,
      "iconIdx": 14
    }
  ],
  "height": 1024,
  "metadata": {
    "name": "referidos"
  },
  "preferences": {
    "showGlyphs": true,
    "showQuickUse": true,
    "showQuickUse2": true,
    "showSVGs": true,
    "fontPref": {
      "prefix": "icon-",
      "metadata": {
        "fontFamily": "referidos",
        "majorVersion": 1,
        "minorVersion": 0
      },
      "metrics": {
        "emSize": 1024,
        "baseline": 6.25,
        "whitespace": 50
      },
      "embed": false,
      "noie8": true,
      "ie7": false
    },
    "imagePref": {
      "prefix": "icon-",
      "png": true,
      "useClassSelector": true,
      "color": 0,
      "bgColor": 16777215,
      "classSelector": ".icon"
    },
    "historySize": 100,
    "showCodes": true,
    "gridSize": 16
  }
}